{"stats":{"minecraft:mined":{"minecraft:short_grass":37,"minecraft:tall_grass":13,"minecraft:oak_leaves":1},"minecraft:killed_by":{"minecraft:creeper":1,"minecraft:zombie":1},"minecraft:custom":{"minecraft:time_since_rest":2311,"minecraft:crouch_one_cm":1085,"minecraft:sprint_one_cm":26675,"minecraft:play_time":32436,"minecraft:deaths":3,"minecraft:damage_taken":818,"minecraft:walk_one_cm":12757,"minecraft:sneak_time":300,"minecraft:mob_kills":1,"minecraft:drop":1,"minecraft:jump":351,"minecraft:damage_dealt":280,"minecraft:leave_game":2,"minecraft:walk_on_water_one_cm":196,"minecraft:time_since_death":2212,"minecraft:total_world_time":32436,"minecraft:fall_one_cm":11780,"minecraft:fly_one_cm":86440},"minecraft:dropped":{"minecraft:wheat_seeds":1},"minecraft:picked_up":{"minecraft:wheat_seeds":4}},"DataVersion":3953}