{"stats":{"minecraft:mined":{"minecraft:tall_grass":9,"minecraft:short_grass":25},"minecraft:dropped":{"minecraft:wheat_seeds":1},"minecraft:custom":{"minecraft:jump":142,"minecraft:time_since_rest":7221,"minecraft:damage_dealt":92,"minecraft:deaths":2,"minecraft:walk_on_water_one_cm":196,"minecraft:sprint_one_cm":10336,"minecraft:play_time":22540,"minecraft:damage_taken":460,"minecraft:time_since_death":0,"minecraft:walk_one_cm":3900,"minecraft:sneak_time":54,"minecraft:total_world_time":22540,"minecraft:drop":1,"minecraft:fall_one_cm":5249,"minecraft:fly_one_cm":36453},"minecraft:picked_up":{"minecraft:wheat_seeds":3},"minecraft:killed_by":{"minecraft:zombie":1}},"DataVersion":3953}