{"stats":{"minecraft:mined":{"minecraft:tall_grass":9,"minecraft:short_grass":25},"minecraft:dropped":{"minecraft:wheat_seeds":1},"minecraft:custom":{"minecraft:jump":132,"minecraft:time_since_rest":8326,"minecraft:damage_dealt":92,"minecraft:deaths":1,"minecraft:walk_on_water_one_cm":196,"minecraft:sprint_one_cm":10336,"minecraft:play_time":10540,"minecraft:damage_taken":210,"minecraft:time_since_death":8299,"minecraft:walk_one_cm":3248,"minecraft:sneak_time":54,"minecraft:total_world_time":10540,"minecraft:drop":1,"minecraft:fall_one_cm":5249,"minecraft:fly_one_cm":36024},"minecraft:picked_up":{"minecraft:wheat_seeds":3}},"DataVersion":3953}