{"stats":{"minecraft:mined":{"minecraft:tall_grass":9,"minecraft:short_grass":29},"minecraft:dropped":{"minecraft:wheat_seeds":1},"minecraft:custom":{"minecraft:jump":179,"minecraft:crouch_one_cm":8,"minecraft:time_since_rest":13508,"minecraft:damage_dealt":261,"minecraft:deaths":2,"minecraft:walk_on_water_one_cm":196,"minecraft:sprint_one_cm":13300,"minecraft:play_time":28827,"minecraft:damage_taken":535,"minecraft:time_since_death":3135,"minecraft:walk_one_cm":9483,"minecraft:sneak_time":73,"minecraft:total_world_time":28827,"minecraft:drop":1,"minecraft:fall_one_cm":6828,"minecraft:fly_one_cm":44337,"minecraft:leave_game":1},"minecraft:picked_up":{"minecraft:wheat_seeds":3},"minecraft:killed_by":{"minecraft:zombie":1}},"DataVersion":3953}